-- Generated with the help of ChatGPT (November 2025).
-- Prompt: "Using this MySQL database schema for a library system, please
--		generate realistic dummy data, 50-100 examples for each table."
-- Student review: Changed some nonsensical relationships, such as
-- 		records that are non-circulating having items that are checked out.
--		Adjusted circulations count to not all be 0 as was generated.

INSERT INTO employee VALUES('bob0','pw0','Bob','White','VIEW');
INSERT INTO employee VALUES('tina1','pw1','Tina','Lopez','EDIT');
INSERT INTO employee VALUES('alice2','pw2','Alice','Frost','ADD');
INSERT INTO employee VALUES('zara3','pw3','Zara','Young','VIEW');
INSERT INTO employee VALUES('liam4','pw4','Liam','Miller','VIEW');
INSERT INTO employee VALUES('frank5','pw5','Frank','Frost','EDIT');
INSERT INTO employee VALUES('xena6','pw6','Xena','Iverson','ADD');
INSERT INTO employee VALUES('paula7','pw7','Paula','Voss','EDIT');
INSERT INTO employee VALUES('wade8','pw8','Wade','Xu','ADD');
INSERT INTO employee VALUES('yuri9','pw9','Yuri','Young','EDIT');
INSERT INTO employee VALUES('sam10','pw10','Sam','Voss','VIEW');
INSERT INTO employee VALUES('quinn11','pw11','Quinn','Reed','VIEW');
INSERT INTO employee VALUES('liam12','pw12','Liam','Nash','EDIT');
INSERT INTO employee VALUES('igor13','pw13','Igor','Kim','ADD');
INSERT INTO employee VALUES('bob14','pw14','Bob','Howard','VIEW');
INSERT INTO employee VALUES('bob15','pw15','Bob','Evans','ADD');
INSERT INTO employee VALUES('yuri16','pw16','Yuri','Carter','VIEW');
INSERT INTO employee VALUES('eve17','pw17','Eve','Young','VIEW');
INSERT INTO employee VALUES('helen18','pw18','Helen','Carter','VIEW');
INSERT INTO employee VALUES('xena19','pw19','Xena','Reed','ADD');
INSERT INTO employee VALUES('eve20','pw20','Eve','Howard','EDIT');
INSERT INTO employee VALUES('jane21','pw21','Jane','Davis','EDIT');
INSERT INTO employee VALUES('igor22','pw22','Igor','Nash','ADD');
INSERT INTO employee VALUES('vince23','pw23','Vince','Xu','EDIT');
INSERT INTO employee VALUES('omar24','pw24','Omar','Carter','EDIT');
INSERT INTO employee VALUES('alice25','pw25','Alice','Turner','ADD');
INSERT INTO employee VALUES('mona26','pw26','Mona','Garcia','EDIT');
INSERT INTO employee VALUES('jane27','pw27','Jane','Owens','EDIT');
INSERT INTO employee VALUES('igor28','pw28','Igor','Howard','EDIT');
INSERT INTO employee VALUES('sam29','pw29','Sam','Evans','EDIT');
INSERT INTO employee VALUES('eve30','pw30','Eve','Parker','ADD');
INSERT INTO employee VALUES('bob31','pw31','Bob','Turner','VIEW');
INSERT INTO employee VALUES('sam32','pw32','Sam','Anderson','VIEW');
INSERT INTO employee VALUES('yuri33','pw33','Yuri','Johnson','EDIT');
INSERT INTO employee VALUES('david34','pw34','David','Lopez','EDIT');
INSERT INTO employee VALUES('sam35','pw35','Sam','Nash','ADD');
INSERT INTO employee VALUES('yuri36','pw36','Yuri','Brown','EDIT');
INSERT INTO employee VALUES('mona37','pw37','Mona','Miller','ADD');
INSERT INTO employee VALUES('david38','pw38','David','Owens','EDIT');
INSERT INTO employee VALUES('quinn39','pw39','Quinn','Kim','EDIT');
INSERT INTO employee VALUES('xena40','pw40','Xena','Evans','ADD');
INSERT INTO employee VALUES('rita41','pw41','Rita','Young','EDIT');
INSERT INTO employee VALUES('kyle42','pw42','Kyle','Davis','VIEW');
INSERT INTO employee VALUES('quinn43','pw43','Quinn','Frost','ADD');
INSERT INTO employee VALUES('eve44','pw44','Eve','Anderson','EDIT');
INSERT INTO employee VALUES('sam45','pw45','Sam','Brown','ADD');
INSERT INTO employee VALUES('omar46','pw46','Omar','Nash','VIEW');
INSERT INTO employee VALUES('vince47','pw47','Vince','Davis','ADD');
INSERT INTO employee VALUES('kyle48','pw48','Kyle','Howard','ADD');
INSERT INTO employee VALUES('liam49','pw49','Liam','Turner','EDIT');
INSERT INTO patron VALUES('noraiverson0','pw0','Nora','Iverson',200000,'2025-05-22','0 Example St','noraiverson0@lib.com','555-120',FALSE,'SOUTH');
INSERT INTO patron VALUES('helenowens1','pw1','Helen','Owens',200001,'2024-05-13','1 Example St','helenowens1@lib.com','555-121',FALSE,'EAST');
INSERT INTO patron VALUES('eveiverson2','pw2','Eve','Iverson',200002,'2025-05-06','2 Example St','eveiverson2@lib.com','555-122',FALSE,'NORTH');
INSERT INTO patron VALUES('samwhite3','pw3','Sam','White',200003,'2022-04-22','3 Example St','samwhite3@lib.com','555-123',TRUE,'EAST');
INSERT INTO patron VALUES('umakim4','pw4','Uma','Kim',200004,'2023-07-08','4 Example St','umakim4@lib.com','555-124',TRUE,'WEST');
INSERT INTO patron VALUES('wadevoss5','pw5','Wade','Voss',200005,'2024-09-12','5 Example St','wadevoss5@lib.com','555-125',FALSE,'MAIN');
INSERT INTO patron VALUES('tinahoward6','pw6','Tina','Howard',200006,'2022-09-02','6 Example St','tinahoward6@lib.com','555-126',TRUE,'NORTH');
INSERT INTO patron VALUES('igorquill7','pw7','Igor','Quill',200007,'2022-09-09','7 Example St','igorquill7@lib.com','555-127',TRUE,'MAIN');
INSERT INTO patron VALUES('yurivoss8','pw8','Yuri','Voss',200008,'2022-01-08','8 Example St','yurivoss8@lib.com','555-128',TRUE,'MAIN');
INSERT INTO patron VALUES('monamiller9','pw9','Mona','Miller',200009,'2023-02-27','9 Example St','monamiller9@lib.com','555-129',TRUE,'EAST');
INSERT INTO patron VALUES('ritaowens10','pw10','Rita','Owens',200010,'2023-02-04','10 Example St','ritaowens10@lib.com','555-1210',TRUE,'NORTH');
INSERT INTO patron VALUES('tinamiller11','pw11','Tina','Miller',200011,'2022-01-23','11 Example St','tinamiller11@lib.com','555-1211',TRUE,'EAST');
INSERT INTO patron VALUES('norabrown12','pw12','Nora','Brown',200012,'2024-04-12','12 Example St','norabrown12@lib.com','555-1212',FALSE,'MAIN');
INSERT INTO patron VALUES('davidvoss13','pw13','David','Voss',200013,'2023-06-16','13 Example St','davidvoss13@lib.com','555-1213',TRUE,'EAST');
INSERT INTO patron VALUES('evejohnson14','pw14','Eve','Johnson',200014,'2025-08-16','14 Example St','evejohnson14@lib.com','555-1214',FALSE,'MAIN');
INSERT INTO patron VALUES('zarazimmer15','pw15','Zara','Zimmer',200015,'2024-05-10','15 Example St','zarazimmer15@lib.com','555-1215',FALSE,'EAST');
INSERT INTO patron VALUES('liamsmith16','pw16','Liam','Smith',200016,'2025-05-02','16 Example St','liamsmith16@lib.com','555-1216',FALSE,'NORTH');
INSERT INTO patron VALUES('franksmith17','pw17','Frank','Smith',200017,'2022-10-30','17 Example St','franksmith17@lib.com','555-1217',TRUE,'SOUTH');
INSERT INTO patron VALUES('yurikim18','pw18','Yuri','Kim',200018,'2022-02-26','18 Example St','yurikim18@lib.com','555-1218',TRUE,'NORTH');
INSERT INTO patron VALUES('yuricarter19','pw19','Yuri','Carter',200019,'2022-07-14','19 Example St','yuricarter19@lib.com','555-1219',TRUE,'EAST');
INSERT INTO patron VALUES('umakim20','pw20','Uma','Kim',200020,'2023-06-26','20 Example St','umakim20@lib.com','555-1220',TRUE,'SOUTH');
INSERT INTO patron VALUES('carolmiller21','pw21','Carol','Miller',200021,'2025-10-18','21 Example St','carolmiller21@lib.com','555-1221',TRUE,'NORTH');
INSERT INTO patron VALUES('graceiverson22','pw22','Grace','Iverson',200022,'2025-08-06','22 Example St','graceiverson22@lib.com','555-1222',FALSE,'NORTH');
INSERT INTO patron VALUES('helenxu23','pw23','Helen','Xu',200023,'2024-06-17','23 Example St','helenxu23@lib.com','555-1223',FALSE,'NORTH');
INSERT INTO patron VALUES('igorkim24','pw24','Igor','Kim',200024,'2022-04-24','24 Example St','igorkim24@lib.com','555-1224',TRUE,'NORTH');
INSERT INTO patron VALUES('carolmiller25','pw25','Carol','Miller',200025,'2022-05-15','25 Example St','carolmiller25@lib.com','555-1225',TRUE,'WEST');
INSERT INTO patron VALUES('davidcarter26','pw26','David','Carter',200026,'2023-12-30','26 Example St','davidcarter26@lib.com','555-1226',FALSE,'NORTH');
INSERT INTO patron VALUES('aliceyoung27','pw27','Alice','Young',200027,'2023-11-24','27 Example St','aliceyoung27@lib.com','555-1227',FALSE,'WEST');
INSERT INTO patron VALUES('davidsmith28','pw28','David','Smith',200028,'2024-05-20','28 Example St','davidsmith28@lib.com','555-1228',FALSE,'SOUTH');
INSERT INTO patron VALUES('alicegarcia29','pw29','Alice','Garcia',200029,'2025-04-01','29 Example St','alicegarcia29@lib.com','555-1229',TRUE,'MAIN');
INSERT INTO patron VALUES('evesmith30','pw30','Eve','Smith',200030,'2024-10-19','30 Example St','evesmith30@lib.com','555-1230',FALSE,'MAIN');
INSERT INTO patron VALUES('omarkim31','pw31','Omar','Kim',200031,'2023-06-14','31 Example St','omarkim31@lib.com','555-1231',TRUE,'EAST');
INSERT INTO patron VALUES('davidgarcia32','pw32','David','Garcia',200032,'2024-11-19','32 Example St','davidgarcia32@lib.com','555-1232',FALSE,'NORTH');
INSERT INTO patron VALUES('umaparker33','pw33','Uma','Parker',200033,'2023-08-21','33 Example St','umaparker33@lib.com','555-1233',TRUE,'NORTH');
INSERT INTO patron VALUES('janeulrich34','pw34','Jane','Ulrich',200034,'2024-05-03','34 Example St','janeulrich34@lib.com','555-1234',FALSE,'NORTH');
INSERT INTO patron VALUES('gracereed35','pw35','Grace','Reed',200035,'2023-10-23','35 Example St','gracereed35@lib.com','555-1235',TRUE,'SOUTH');
INSERT INTO patron VALUES('frankxu36','pw36','Frank','Xu',200036,'2025-04-22','36 Example St','frankxu36@lib.com','555-1236',FALSE,'SOUTH');
INSERT INTO patron VALUES('janequill37','pw37','Jane','Quill',200037,'2024-03-01','37 Example St','janequill37@lib.com','555-1237',FALSE,'EAST');
INSERT INTO patron VALUES('samvoss38','pw38','Sam','Voss',200038,'2024-09-19','38 Example St','samvoss38@lib.com','555-1238',FALSE,'SOUTH');
INSERT INTO patron VALUES('monajohnson39','pw39','Mona','Johnson',200039,'2025-03-12','39 Example St','monajohnson39@lib.com','555-1239',FALSE,'EAST');
INSERT INTO patron VALUES('janezimmer40','pw40','Jane','Zimmer',200040,'2024-10-30','40 Example St','janezimmer40@lib.com','555-1240',FALSE,'EAST');
INSERT INTO patron VALUES('carolgarcia41','pw41','Carol','Garcia',200041,'2023-04-05','41 Example St','carolgarcia41@lib.com','555-1241',TRUE,'MAIN');
INSERT INTO patron VALUES('xenamiller42','pw42','Xena','Miller',200042,'2024-07-05','42 Example St','xenamiller42@lib.com','555-1242',FALSE,'SOUTH');
INSERT INTO patron VALUES('tinareed43','pw43','Tina','Reed',200043,'2024-02-03','43 Example St','tinareed43@lib.com','555-1243',FALSE,'SOUTH');
INSERT INTO patron VALUES('noraturner44','pw44','Nora','Turner',200044,'2022-08-06','44 Example St','noraturner44@lib.com','555-1244',TRUE,'MAIN');
INSERT INTO patron VALUES('kyleanderson45','pw45','Kyle','Anderson',200045,'2023-04-05','45 Example St','kyleanderson45@lib.com','555-1245',TRUE,'SOUTH');
INSERT INTO patron VALUES('frankcarter46','pw46','Frank','Carter',200046,'2022-02-22','46 Example St','frankcarter46@lib.com','555-1246',TRUE,'EAST');
INSERT INTO patron VALUES('tinakim47','pw47','Tina','Kim',200047,'2023-08-17','47 Example St','tinakim47@lib.com','555-1247',TRUE,'MAIN');
INSERT INTO patron VALUES('davidzimmer48','pw48','David','Zimmer',200048,'2023-11-27','48 Example St','davidzimmer48@lib.com','555-1248',FALSE,'MAIN');
INSERT INTO patron VALUES('frankanderson49','pw49','Frank','Anderson',200049,'2024-03-27','49 Example St','frankanderson49@lib.com','555-1249',FALSE,'WEST');
INSERT INTO patron VALUES('helenturner50','pw50','Helen','Turner',200050,'2025-04-22','50 Example St','helenturner50@lib.com','555-1250',FALSE,'EAST');
INSERT INTO patron VALUES('ritaowens51','pw51','Rita','Owens',200051,'2024-07-11','51 Example St','ritaowens51@lib.com','555-1251',FALSE,'SOUTH');
INSERT INTO patron VALUES('samfrost52','pw52','Sam','Frost',200052,'2023-10-08','52 Example St','samfrost52@lib.com','555-1252',TRUE,'NORTH');
INSERT INTO patron VALUES('janeanderson53','pw53','Jane','Anderson',200053,'2024-12-25','53 Example St','janeanderson53@lib.com','555-1253',FALSE,'MAIN');
INSERT INTO patron VALUES('carolyoung54','pw54','Carol','Young',200054,'2025-07-25','54 Example St','carolyoung54@lib.com','555-1254',FALSE,'NORTH');
INSERT INTO patron VALUES('bobnash55','pw55','Bob','Nash',200055,'2024-05-11','55 Example St','bobnash55@lib.com','555-1255',FALSE,'NORTH');
INSERT INTO patron VALUES('umahoward56','pw56','Uma','Howard',200056,'2024-04-02','56 Example St','umahoward56@lib.com','555-1256',FALSE,'EAST');
INSERT INTO patron VALUES('kylehoward57','pw57','Kyle','Howard',200057,'2025-02-02','57 Example St','kylehoward57@lib.com','555-1257',FALSE,'MAIN');
INSERT INTO patron VALUES('monacarter58','pw58','Mona','Carter',200058,'2025-04-26','58 Example St','monacarter58@lib.com','555-1258',FALSE,'MAIN');
INSERT INTO patron VALUES('davidzimmer59','pw59','David','Zimmer',200059,'2025-07-16','59 Example St','davidzimmer59@lib.com','555-1259',FALSE,'NORTH');
INSERT INTO record VALUES('r0000000','Learning Kit 0','TOY 0','img.jpg',TRUE,'TOY');
INSERT INTO record VALUES('r0000001','Warrior 1','AV 1','img.jpg',TRUE,'CD');
INSERT INTO record VALUES('r0000002','Counting Blocks 2','TOY 2','img.jpg',TRUE,'TOY');
INSERT INTO record VALUES('r0000003','The Last Shadow','Turner 3','img.jpg',TRUE,'NON_FICTION');
INSERT INTO record VALUES('r0000004','Ocean 4','AV 4','img.jpg',TRUE,'CD');
INSERT INTO record VALUES('r0000005','Learning Kit 5','TOY 5','img.jpg',TRUE,'TOY');
INSERT INTO record VALUES('r0000006','Ocean 6','AV 6','img.jpg',TRUE,'CD');
INSERT INTO record VALUES('r0000007','Mystery 7','AV 7','img.jpg',TRUE,'CD');
INSERT INTO record VALUES('r0000008','Monthly Art','PER 8','img.jpg',FALSE,'PERIODICAL');
INSERT INTO record VALUES('r0000009','Learning Kit 9','TOY 9','img.jpg',TRUE,'TOY');
INSERT INTO record VALUES('r0000010','Daily Herald','PER 10','img.jpg',FALSE,'PERIODICAL');
INSERT INTO record VALUES('r0000011','Mystery 11','AV 11','img.jpg',TRUE,'CD');
INSERT INTO record VALUES('r0000012','Galaxy 12','AV 12','img.jpg',TRUE,'DVD');
INSERT INTO record VALUES('r0000013','Counting Blocks 13','TOY 13','img.jpg',TRUE,'TOY');
INSERT INTO record VALUES('r0000014','Learning Kit 14','TOY 14','img.jpg',TRUE,'TOY');
INSERT INTO record VALUES('r0000015','Weekly Science','PER 15','img.jpg',FALSE,'PERIODICAL');
INSERT INTO record VALUES('r0000016','Ocean 16','AV 16','img.jpg',TRUE,'CD');
INSERT INTO record VALUES('r0000017','Learning Kit 17','TOY 17','img.jpg',TRUE,'TOY');
INSERT INTO record VALUES('r0000018','Daily Herald','PER 18','img.jpg',FALSE,'PERIODICAL');
INSERT INTO record VALUES('r0000019','Ocean 19','AV 19','img.jpg',TRUE,'DVD');
INSERT INTO record VALUES('r0000020','Learning Kit 20','TOY 20','img.jpg',TRUE,'TOY');
INSERT INTO record VALUES('r0000021','Monthly Art','PER 21','img.jpg',FALSE,'PERIODICAL');
INSERT INTO record VALUES('r0000022','Puzzle Set 22','TOY 22','img.jpg',TRUE,'TOY');
INSERT INTO record VALUES('r0000023','Warrior 23','AV 23','img.jpg',TRUE,'CD');
INSERT INTO record VALUES('r0000024','The Hidden Secret','Miller 24','img.jpg',TRUE,'JUVENILE_FICTION');
INSERT INTO record VALUES('r0000025','Warrior 25','AV 25','img.jpg',TRUE,'DVD');
INSERT INTO record VALUES('r0000026','The Hidden Forest','Smith 26','img.jpg',TRUE,'NON_FICTION');
INSERT INTO record VALUES('r0000027','The Silent Duckling','Ulrich 27','img.jpg',TRUE,'JUVENILE_FICTION');
INSERT INTO record VALUES('r0000028','Ocean 28','AV 28','img.jpg',TRUE,'DVD');
INSERT INTO record VALUES('r0000029','The Broken Secret','Turner 29','img.jpg',TRUE,'NON_FICTION');
INSERT INTO record VALUES('r0000030','Daily Herald','PER 30','img.jpg',FALSE,'PERIODICAL');
INSERT INTO record VALUES('r0000031','Counting Blocks 31','TOY 31','img.jpg',TRUE,'TOY');
INSERT INTO record VALUES('r0000032','The Golden Journey','Davis 32','img.jpg',TRUE,'FICTION');
INSERT INTO record VALUES('r0000033','Galaxy 33','AV 33','img.jpg',TRUE,'CD');
INSERT INTO record VALUES('r0000034','The Silent Garden','White 34','img.jpg',TRUE,'JUVENILE_FICTION');
INSERT INTO record VALUES('r0000035','The Last Whisper','Ulrich 35','img.jpg',TRUE,'FICTION');
INSERT INTO record VALUES('r0000036','The Hidden Duckling','Johnson 36','img.jpg',TRUE,'NON_FICTION');
INSERT INTO record VALUES('r0000037','Weekly Science','PER 37','img.jpg',FALSE,'PERIODICAL');
INSERT INTO record VALUES('r0000038','The Last Shadow','Brown 38','img.jpg',TRUE,'FICTION');
INSERT INTO record VALUES('r0000039','Ocean 39','AV 39','img.jpg',TRUE,'DVD');
INSERT INTO record VALUES('r0000040','The Golden Whisper','Nash 40','img.jpg',TRUE,'JUVENILE_FICTION');
INSERT INTO record VALUES('r0000041','Monthly Art','PER 41','img.jpg',FALSE,'PERIODICAL');
INSERT INTO record VALUES('r0000042','Daily Herald','PER 42','img.jpg',FALSE,'PERIODICAL');
INSERT INTO record VALUES('r0000043','Counting Blocks 43','TOY 43','img.jpg',TRUE,'TOY');
INSERT INTO record VALUES('r0000044','Weekly Science','PER 44','img.jpg',FALSE,'PERIODICAL');
INSERT INTO record VALUES('r0000045','The Broken Duckling','Ulrich 45','img.jpg',TRUE,'FICTION');
INSERT INTO record VALUES('r0000046','Mystery 46','AV 46','img.jpg',TRUE,'CD');
INSERT INTO record VALUES('r0000047','The Silent Shadow','Davis 47','img.jpg',TRUE,'JUVENILE_FICTION');
INSERT INTO record VALUES('r0000048','The Distant Shadow','White 48','img.jpg',TRUE,'NON_FICTION');
INSERT INTO record VALUES('r0000049','The Lonely Whisper','Davis 49','img.jpg',TRUE,'FICTION');
INSERT INTO record VALUES('r0000050','Mystery 50','AV 50','img.jpg',TRUE,'DVD');
INSERT INTO record VALUES('r0000051','Daily Herald','PER 51','img.jpg',FALSE,'PERIODICAL');
INSERT INTO record VALUES('r0000052','Counting Blocks 52','TOY 52','img.jpg',TRUE,'TOY');
INSERT INTO record VALUES('r0000053','Daily Herald','PER 53','img.jpg',FALSE,'PERIODICAL');
INSERT INTO record VALUES('r0000054','Daily Herald','PER 54','img.jpg',FALSE,'PERIODICAL');
INSERT INTO record VALUES('r0000055','The Lonely Duckling','Iverson 55','img.jpg',TRUE,'NON_FICTION');
INSERT INTO record VALUES('r0000056','Monthly Art','PER 56','img.jpg',FALSE,'PERIODICAL');
INSERT INTO record VALUES('r0000058','Ocean 58','AV 58','img.jpg',TRUE,'DVD');
INSERT INTO record VALUES('r0000059','Warrior 59','AV 59','img.jpg',TRUE,'CD');
INSERT INTO book_record VALUES('r0000003','Liam','Turner','2003-01-01','1th',9780000000001,'General');
INSERT INTO book_record VALUES('r0000024','Frank','Miller','2004-01-01','1th',9780000000002,'General');
INSERT INTO book_record VALUES('r0000026','Liam','Smith','2006-01-01','3th',9780000000003,'General');
INSERT INTO book_record VALUES('r0000027','Nora','Ulrich','2007-01-01','1th',9780000000004,'General');
INSERT INTO book_record VALUES('r0000029','Liam','Turner','2009-01-01','3th',9780000000005,'General');
INSERT INTO book_record VALUES('r0000032','Wade','Davis','2012-01-01','3th',9780000000006,'General');
INSERT INTO book_record VALUES('r0000034','Alice','White','2014-01-01','2th',9780000000007,'General');
INSERT INTO book_record VALUES('r0000035','Alice','Ulrich','2015-01-01','3th',9780000000008,'General');
INSERT INTO book_record VALUES('r0000036','Vince','Johnson','2016-01-01','1th',9780000000009,'General');
INSERT INTO book_record VALUES('r0000038','David','Brown','2018-01-01','3th',9780000000010,'General');
INSERT INTO book_record VALUES('r0000040','Igor','Nash','2000-01-01','2th',9780000000011,'General');
INSERT INTO book_record VALUES('r0000045','Kyle','Ulrich','2005-01-01','1th',9780000000012,'General');
INSERT INTO book_record VALUES('r0000047','Quinn','Davis','2007-01-01','3th',9780000000013,'General');
INSERT INTO book_record VALUES('r0000048','Kyle','White','2008-01-01','1th',9780000000014,'General');
INSERT INTO book_record VALUES('r0000049','Omar','Davis','2009-01-01','2th',9780000000015,'General');
INSERT INTO book_record VALUES('r0000055','Mona','Iverson','2015-01-01','2th',9780000000016,'General');
INSERT INTO av_record VALUES('r0000001',2011,1,'CD',1);
INSERT INTO av_record VALUES('r0000004',2014,1,'CD',1);
INSERT INTO av_record VALUES('r0000006',2016,3,'CD',2);
INSERT INTO av_record VALUES('r0000007',2017,1,'CD',1);
INSERT INTO av_record VALUES('r0000011',2021,1,'CD',1);
INSERT INTO av_record VALUES('r0000012',2022,1,'DVD',1);
INSERT INTO av_record VALUES('r0000016',2011,1,'CD',1);
INSERT INTO av_record VALUES('r0000019',2014,4,'DVD',2);
INSERT INTO av_record VALUES('r0000023',2018,1,'CD',1);
INSERT INTO av_record VALUES('r0000025',2020,1,'DVD',1);
INSERT INTO av_record VALUES('r0000028',2023,2,'DVD',1);
INSERT INTO av_record VALUES('r0000033',2013,1,'CD',1);
INSERT INTO av_record VALUES('r0000039',2019,1,'DVD',1);
INSERT INTO av_record VALUES('r0000046',2011,4,'CD',3);
INSERT INTO av_record VALUES('r0000050',2015,1,'DVD',1);
INSERT INTO av_record VALUES('r0000058',2023,1,'DVD',1);
INSERT INTO av_record VALUES('r0000059',2024,1,'CD',1);
INSERT INTO periodical_record VALUES('r0000008','9',1,'2024-09-01');
INSERT INTO periodical_record VALUES('r0000010','November 2024',1,'2024-11-01');
INSERT INTO periodical_record VALUES('r0000015','4',1,'2024-04-01');
INSERT INTO periodical_record VALUES('r0000018','7',1,'2024-07-01');
INSERT INTO periodical_record VALUES('r0000021','10',1,'2024-10-01');
INSERT INTO periodical_record VALUES('r0000030','Summer 2024',2,'2024-07-01');
INSERT INTO periodical_record VALUES('r0000037','2',1,'2024-02-01');
INSERT INTO periodical_record VALUES('r0000041','6',1,'2024-06-01');
INSERT INTO periodical_record VALUES('r0000042','7',1,'2024-07-01');
INSERT INTO periodical_record VALUES('r0000044','9',1,'2024-09-01');
INSERT INTO periodical_record VALUES('r0000051','4',1,'2024-04-01');
INSERT INTO periodical_record VALUES('r0000053','6',1,'2024-06-01');
INSERT INTO periodical_record VALUES('r0000054','7',1,'2024-07-01');
INSERT INTO periodical_record VALUES('r0000056','Fall 2024',1,'2024-09-01');
INSERT INTO toy_record VALUES('r0000000',10);
INSERT INTO toy_record VALUES('r0000002',12);
INSERT INTO toy_record VALUES('r0000005',10);
INSERT INTO toy_record VALUES('r0000009',14);
INSERT INTO toy_record VALUES('r0000013',13);
INSERT INTO toy_record VALUES('r0000014',14);
INSERT INTO toy_record VALUES('r0000017',12);
INSERT INTO toy_record VALUES('r0000020',10);
INSERT INTO toy_record VALUES('r0000022',12);
INSERT INTO toy_record VALUES('r0000031',11);
INSERT INTO toy_record VALUES('r0000043',13);
INSERT INTO toy_record VALUES('r0000052',12);
INSERT INTO item VALUES(714421137,'EAST','r0000000',3,'AVAILABLE');
INSERT INTO item VALUES(816006115,'WEST','r0000000',0,'AVAILABLE');
INSERT INTO item VALUES(131461752,'NORTH','r0000001',12,'AVAILABLE');
INSERT INTO item VALUES(364403075,'EAST','r0000001',1,'AVAILABLE');
INSERT INTO item VALUES(323825695,'EAST','r0000002',3,'AVAILABLE');
INSERT INTO item VALUES(745017989,'SOUTH','r0000002',5,'AVAILABLE');
INSERT INTO item VALUES(611366203,'EAST','r0000003',2,'CHECKED_OUT');
INSERT INTO item VALUES(160846990,'SOUTH','r0000003',13,'AVAILABLE');
INSERT INTO item VALUES(211593434,'MAIN','r0000004',1,'AVAILABLE');
INSERT INTO item VALUES(889394161,'WEST','r0000004',3,'CHECKED_OUT');
INSERT INTO item VALUES(751413755,'EAST','r0000005',0,'AVAILABLE');
INSERT INTO item VALUES(728963205,'EAST','r0000005',0,'AVAILABLE');
INSERT INTO item VALUES(318281550,'EAST','r0000006',4,'AVAILABLE');
INSERT INTO item VALUES(691289853,'MAIN','r0000006',2,'AVAILABLE');
INSERT INTO item VALUES(888268794,'WEST','r0000007',0,'AVAILABLE');
INSERT INTO item VALUES(734002480,'MAIN','r0000007',1,'CHECKED_OUT');
INSERT INTO item VALUES(479631806,'SOUTH','r0000008',0,'AVAILABLE');
INSERT INTO item VALUES(603993801,'EAST','r0000008',0,'AVAILABLE');
INSERT INTO item VALUES(470987129,'WEST','r0000009',1,'AVAILABLE');
INSERT INTO item VALUES(415921417,'SOUTH','r0000009',3,'AVAILABLE');
INSERT INTO item VALUES(705676198,'MAIN','r0000010',0,'AVAILABLE');
INSERT INTO item VALUES(116859397,'MAIN','r0000010',0,'AVAILABLE');
INSERT INTO item VALUES(157899573,'MAIN','r0000011',3,'CHECKED_OUT');
INSERT INTO item VALUES(765399679,'WEST','r0000011',2,'AVAILABLE');
INSERT INTO item VALUES(696450225,'EAST','r0000012',6,'AVAILABLE');
INSERT INTO item VALUES(428381331,'NORTH','r0000012',17,'AVAILABLE');
INSERT INTO item VALUES(479833883,'EAST','r0000013',12,'AVAILABLE');
INSERT INTO item VALUES(536468759,'WEST','r0000013',54,'AVAILABLE');
INSERT INTO item VALUES(790342794,'WEST','r0000014',3,'AVAILABLE');
INSERT INTO item VALUES(950541500,'EAST','r0000014',12,'CHECKED_OUT');
INSERT INTO item VALUES(219611564,'EAST','r0000015',0,'AVAILABLE');
INSERT INTO item VALUES(837365364,'NORTH','r0000015',0,'AVAILABLE');
INSERT INTO item VALUES(501094946,'MAIN','r0000016',0,'AVAILABLE');
INSERT INTO item VALUES(798899711,'SOUTH','r0000016',2,'AVAILABLE');
INSERT INTO item VALUES(795362143,'NORTH','r0000017',34,'AVAILABLE');
INSERT INTO item VALUES(422437311,'WEST','r0000017',12,'AVAILABLE');
INSERT INTO item VALUES(783328387,'SOUTH','r0000018',0,'AVAILABLE');
INSERT INTO item VALUES(553790706,'WEST','r0000018',0,'AVAILABLE');
INSERT INTO item VALUES(339756010,'WEST','r0000019',1,'AVAILABLE');
INSERT INTO item VALUES(646152981,'NORTH','r0000019',3,'CHECKED_OUT');
INSERT INTO item VALUES(350431967,'MAIN','r0000020',6,'CHECKED_OUT');
INSERT INTO item VALUES(666584792,'WEST','r0000020',34,'CHECKED_OUT');
INSERT INTO item VALUES(252570369,'WEST','r0000021',0,'AVAILABLE');
INSERT INTO item VALUES(183533457,'MAIN','r0000021',0,'AVAILABLE');
INSERT INTO item VALUES(776371772,'WEST','r0000022',1,'AVAILABLE');
INSERT INTO item VALUES(529072981,'MAIN','r0000022',56,'AVAILABLE');
INSERT INTO item VALUES(671541424,'MAIN','r0000023',23,'AVAILABLE');
INSERT INTO item VALUES(616828340,'SOUTH','r0000023',12,'AVAILABLE');
INSERT INTO item VALUES(101201728,'WEST','r0000024',23,'CHECKED_OUT');
INSERT INTO item VALUES(912854984,'SOUTH','r0000024',24,'AVAILABLE');
INSERT INTO item VALUES(959127054,'SOUTH','r0000025',18,'AVAILABLE');
INSERT INTO item VALUES(990056463,'SOUTH','r0000025',43,'AVAILABLE');
INSERT INTO item VALUES(213787045,'WEST','r0000026',46,'AVAILABLE');
INSERT INTO item VALUES(451365753,'SOUTH','r0000026',21,'AVAILABLE');
INSERT INTO item VALUES(511797146,'MAIN','r0000027',23,'AVAILABLE');
INSERT INTO item VALUES(341429590,'NORTH','r0000027',1,'AVAILABLE');
INSERT INTO item VALUES(896879244,'NORTH','r0000028',3,'AVAILABLE');
INSERT INTO item VALUES(241664836,'SOUTH','r0000028',4,'AVAILABLE');
INSERT INTO item VALUES(514611413,'WEST','r0000029',0,'CHECKED_OUT');
INSERT INTO item VALUES(139665335,'NORTH','r0000029',12,'AVAILABLE');
INSERT INTO item VALUES(159467618,'WEST','r0000030',0,'AVAILABLE');
INSERT INTO item VALUES(512626271,'MAIN','r0000030',0,'AVAILABLE');
INSERT INTO item VALUES(972596878,'NORTH','r0000031',0,'AVAILABLE');
INSERT INTO item VALUES(151370692,'MAIN','r0000031',3,'CHECKED_OUT');
INSERT INTO item VALUES(512243489,'SOUTH','r0000032',34,'AVAILABLE');
INSERT INTO item VALUES(753438649,'EAST','r0000032',12,'AVAILABLE');
INSERT INTO item VALUES(534474409,'WEST','r0000033',34,'AVAILABLE');
INSERT INTO item VALUES(315769397,'WEST','r0000033',18,'AVAILABLE');
INSERT INTO item VALUES(686733392,'WEST','r0000034',20,'AVAILABLE');
INSERT INTO item VALUES(549433373,'MAIN','r0000034',31,'AVAILABLE');
INSERT INTO item VALUES(675576424,'WEST','r0000035',4,'AVAILABLE');
INSERT INTO item VALUES(545933607,'MAIN','r0000035',1,'AVAILABLE');
INSERT INTO item VALUES(703076281,'MAIN','r0000036',14,'CHECKED_OUT');
INSERT INTO item VALUES(712672254,'SOUTH','r0000036',28,'CHECKED_OUT');
INSERT INTO item VALUES(497545979,'SOUTH','r0000037',0,'AVAILABLE');
INSERT INTO item VALUES(379315433,'WEST','r0000037',0,'AVAILABLE');
INSERT INTO item VALUES(379496449,'SOUTH','r0000038',12,'AVAILABLE');
INSERT INTO item VALUES(867525358,'EAST','r0000038',56,'AVAILABLE');
INSERT INTO item VALUES(509167027,'EAST','r0000039',12,'AVAILABLE');
INSERT INTO item VALUES(480253955,'NORTH','r0000039',4,'AVAILABLE');
INSERT INTO item VALUES(458913857,'WEST','r0000040',2,'AVAILABLE');
INSERT INTO item VALUES(733373017,'WEST','r0000040',3,'AVAILABLE');
INSERT INTO item VALUES(432883285,'EAST','r0000041',0,'AVAILABLE');
INSERT INTO item VALUES(187986596,'SOUTH','r0000041',0,'AVAILABLE');
INSERT INTO item VALUES(223145787,'WEST','r0000042',0,'AVAILABLE');
INSERT INTO item VALUES(849690155,'WEST','r0000042',0,'AVAILABLE');
INSERT INTO item VALUES(640668791,'SOUTH','r0000043',1,'CHECKED_OUT');
INSERT INTO item VALUES(611954441,'WEST','r0000043',3,'AVAILABLE');
INSERT INTO item VALUES(638196672,'WEST','r0000044',0,'AVAILABLE');
INSERT INTO item VALUES(150362516,'MAIN','r0000044',0,'AVAILABLE');
INSERT INTO item VALUES(542454185,'WEST','r0000045',1,'AVAILABLE');
INSERT INTO item VALUES(415191615,'NORTH','r0000045',1,'CHECKED_OUT');
INSERT INTO item VALUES(458148443,'EAST','r0000046',34,'AVAILABLE');
INSERT INTO item VALUES(253523922,'EAST','r0000046',23,'CHECKED_OUT');
INSERT INTO item VALUES(526721385,'EAST','r0000047',1,'AVAILABLE');
INSERT INTO item VALUES(873567714,'SOUTH','r0000047',3,'AVAILABLE');
INSERT INTO item VALUES(250058820,'WEST','r0000048',63,'AVAILABLE');
INSERT INTO item VALUES(583509780,'MAIN','r0000048',21,'CHECKED_OUT');
INSERT INTO item VALUES(744426729,'SOUTH','r0000049',3,'CHECKED_OUT');
INSERT INTO item VALUES(235498850,'SOUTH','r0000049',1,'AVAILABLE');
INSERT INTO item VALUES(297286977,'WEST','r0000050',3,'CHECKED_OUT');
INSERT INTO item VALUES(125516177,'MAIN','r0000050',54,'CHECKED_OUT');
INSERT INTO item VALUES(502480087,'SOUTH','r0000051',0,'AVAILABLE');
INSERT INTO item VALUES(588219193,'SOUTH','r0000051',0,'AVAILABLE');
INSERT INTO item VALUES(357149762,'EAST','r0000052',2,'AVAILABLE');
INSERT INTO item VALUES(477474625,'MAIN','r0000052',4,'AVAILABLE');
INSERT INTO item VALUES(770263638,'NORTH','r0000053',0,'AVAILABLE');
INSERT INTO item VALUES(904970330,'NORTH','r0000053',0,'AVAILABLE');
INSERT INTO item VALUES(823420759,'SOUTH','r0000054',0,'AVAILABLE');
INSERT INTO item VALUES(180184359,'SOUTH','r0000054',0,'AVAILABLE');
INSERT INTO item VALUES(747177218,'NORTH','r0000055',2,'AVAILABLE');
INSERT INTO item VALUES(824839474,'NORTH','r0000055',3,'AVAILABLE');
INSERT INTO item VALUES(136555627,'WEST','r0000056',0,'AVAILABLE');
INSERT INTO item VALUES(331497077,'NORTH','r0000056',0,'AVAILABLE');
INSERT INTO item VALUES(168516422,'NORTH','r0000058',12,'AVAILABLE');
INSERT INTO item VALUES(606223375,'MAIN','r0000058',32,'AVAILABLE');
INSERT INTO item VALUES(632958895,'MAIN','r0000059',16,'CHECKED_OUT');
INSERT INTO item VALUES(182293140,'SOUTH','r0000059',23,'CHECKED_OUT');
INSERT INTO checkout VALUES('noraiverson0',206825741,'2025-11-10');
INSERT INTO checkout VALUES('helenowens1',151370692,'2025-11-19');
INSERT INTO checkout VALUES('eveiverson2',415191615,'2025-11-22');
INSERT INTO checkout VALUES('samwhite3',253523922,'2025-11-17');
INSERT INTO checkout VALUES('umakim4',101201728,'2025-11-06');
INSERT INTO checkout VALUES('tinahoward6',703076281,'2025-11-28');
INSERT INTO checkout VALUES('igorquill7',950541500,'2025-11-16');
INSERT INTO checkout VALUES('yurivoss8',734002480,'2025-11-18');
INSERT INTO checkout VALUES('ritaowens10',611366203,'2025-11-17');
INSERT INTO checkout VALUES('tinamiller11',297286977,'2025-11-28');
INSERT INTO checkout VALUES('norabrown12',583509780,'2025-11-30');
INSERT INTO checkout VALUES('zarazimmer15',350431967,'2025-11-16');
INSERT INTO checkout VALUES('liamsmith16',514611413,'2025-11-22');
INSERT INTO checkout VALUES('franksmith17',712672254,'2025-11-18');
INSERT INTO checkout VALUES('umakim20',744426729,'2025-11-15');
INSERT INTO checkout VALUES('carolmiller21',157899573,'2025-11-13');
INSERT INTO checkout VALUES('graceiverson22',182293140,'2025-11-14');
INSERT INTO checkout VALUES('helenxu23',640668791,'2025-11-29');
INSERT INTO checkout VALUES('igorkim24',889394161,'2025-11-04');
INSERT INTO checkout VALUES('carolmiller25',632958895,'2025-11-05');
INSERT INTO checkout VALUES('davidcarter26',666584792,'2025-11-12');
INSERT INTO checkout VALUES('aliceyoung27',125516177,'2025-11-22');
INSERT INTO checkout VALUES('alicegarcia29',646152981,'2025-11-16');
INSERT INTO fine VALUES('eveiverson2',2.83,'2025-11-01',415191615);
INSERT INTO fine VALUES('wadevoss5',2.24,'2025-11-01',150362516);
INSERT INTO fine VALUES('igorquill7',6.28,'2025-11-01',950541500);
INSERT INTO fine VALUES('yurivoss8',4.05,'2025-11-01',734002480);
INSERT INTO fine VALUES('monamiller9',6.28,'2025-11-01',183533457);
INSERT INTO fine VALUES('ritaowens10',1.15,'2025-11-01',611366203);
INSERT INTO fine VALUES('davidvoss13',7.78,'2025-11-01',223145787);
INSERT INTO fine VALUES('franksmith17',5.73,'2025-11-01',712672254);
INSERT INTO fine VALUES('umakim20',2.36,'2025-11-01',744426729);
INSERT INTO fine VALUES('carolmiller21',5.41,'2025-11-01',157899573);
INSERT INTO fine VALUES('igorkim24',2.79,'2025-11-01',889394161);
INSERT INTO fine VALUES('alicegarcia29',4.2,'2025-11-01',646152981);
INSERT INTO hold VALUES('umakim4',889394161,'2025-10-16','2025-10-30','MAIN');
INSERT INTO hold VALUES('yurivoss8',950541500,'2025-10-06','2025-10-20','MAIN');
INSERT INTO hold VALUES('tinamiller11',509167027,'2025-10-18','2025-11-01','NORTH');
INSERT INTO hold VALUES('norabrown12',712672254,'2025-10-14','2025-10-28','SOUTH');
INSERT INTO hold VALUES('evejohnson14',747177218,'2025-10-26','2025-11-09','EAST');
INSERT INTO hold VALUES('zarazimmer15',182293140,'2025-10-18','2025-11-01','WEST');
INSERT INTO hold VALUES('yuricarter19',744426729,'2025-10-23','2025-11-06','MAIN');
INSERT INTO hold VALUES('helenxu23',458148443,'2025-10-25','2025-11-08','SOUTH');
INSERT INTO hold VALUES('carolmiller25',139665335,'2025-10-07','2025-10-21','WEST');